fase,jornada,grupo,data,hora,local,casa,fora,pts_casa,pts_fora,ens_casa,ens_fora,vencedor,obs
1,1,,26/09/2026,11:00,,Direito,CRE,,,,,,
1,1,,26/09/2026,11:00,,São Miguel,CDUL,,,,,,
1,1,,26/09/2026,11:00,,Agronomia,Técnico,,,,,,
1,1,,26/09/2026,11:00,,Santarém,Belenenses,,,,,,
1,1,,26/09/2026,11:00,,Cascais,Sport,,,,,,
1,1,,26/09/2026,11:00,,CDUP,Académica,,,,,,
1,2,,03/10/2026,11:00,,São Miguel,Direito,,,,,,
1,2,,03/10/2026,11:00,,CRE,Técnico,,,,,,
1,2,,03/10/2026,11:00,,Santarém,CDUL,,,,,,
1,2,,03/10/2026,11:00,,Agronomia,Sport,,,,,,
1,2,,03/10/2026,11:00,,CDUP,Belenenses,,,,,,
1,2,,03/10/2026,11:00,,Cascais,Académica,,,,,,
1,3,,10/10/2026,11:00,,Direito,Técnico,,,,,,
1,3,,10/10/2026,11:00,,Santarém,São Miguel,,,,,,
1,3,,10/10/2026,11:00,,CRE,Sport,,,,,,
1,3,,10/10/2026,11:00,,CDUP,CDUL,,,,,,
1,3,,10/10/2026,11:00,,Agronomia,Académica,,,,,,
1,3,,10/10/2026,11:00,,Cascais,Belenenses,,,,,,
1,4,,17/10/2026,11:00,,Santarém,Direito,,,,,,
1,4,,17/10/2026,11:00,,Técnico,Sport,,,,,,
1,4,,17/10/2026,11:00,,CDUP,São Miguel,,,,,,
1,4,,17/10/2026,11:00,,CRE,Académica,,,,,,
1,4,,17/10/2026,11:00,,Cascais,CDUL,,,,,,
1,4,,17/10/2026,11:00,,Agronomia,Belenenses,,,,,,
1,5,,24/10/2026,11:00,,Direito,Sport,,,,,,
1,5,,24/10/2026,11:00,,CDUP,Santarém,,,,,,
1,5,,24/10/2026,11:00,,Técnico,Académica,,,,,,
1,5,,24/10/2026,11:00,,Cascais,São Miguel,,,,,,
1,5,,24/10/2026,11:00,,CRE,Belenenses,,,,,,
1,5,,24/10/2026,11:00,,Agronomia,CDUL,,,,,,
1,6,,31/10/2026,11:00,,CDUP,Direito,,,,,,
1,6,,31/10/2026,11:00,,Sport,Académica,,,,,,
1,6,,31/10/2026,11:00,,Cascais,Santarém,,,,,,
1,6,,31/10/2026,11:00,,Técnico,Belenenses,,,,,,
1,6,,31/10/2026,11:00,,Agronomia,São Miguel,,,,,,
1,6,,31/10/2026,11:00,,CRE,CDUL,,,,,,
1,7,,07/11/2026,11:00,,Direito,Académica,,,,,,
1,7,,07/11/2026,11:00,,Cascais,CDUP,,,,,,
1,7,,07/11/2026,11:00,,Sport,Belenenses,,,,,,
1,7,,07/11/2026,11:00,,Agronomia,Santarém,,,,,,
1,7,,07/11/2026,11:00,,Técnico,CDUL,,,,,,
1,7,,07/11/2026,11:00,,CRE,São Miguel,,,,,,
1,8,,14/11/2026,11:00,,Cascais,Direito,,,,,,
1,8,,14/11/2026,11:00,,Académica,Belenenses,,,,,,
1,8,,14/11/2026,11:00,,Agronomia,CDUP,,,,,,
1,8,,14/11/2026,11:00,,Sport,CDUL,,,,,,
1,8,,14/11/2026,11:00,,CRE,Santarém,,,,,,
1,8,,14/11/2026,11:00,,Técnico,São Miguel,,,,,,
1,9,,21/11/2026,11:00,,Direito,Belenenses,,,,,,
1,9,,21/11/2026,11:00,,Agronomia,Cascais,,,,,,
1,9,,21/11/2026,11:00,,Académica,CDUL,,,,,,
1,9,,21/11/2026,11:00,,CRE,CDUP,,,,,,
1,9,,21/11/2026,11:00,,Sport,São Miguel,,,,,,
1,9,,21/11/2026,11:00,,Técnico,Santarém,,,,,,
1,10,,28/11/2026,11:00,,Agronomia,Direito,,,,,,
1,10,,28/11/2026,11:00,,Belenenses,CDUL,,,,,,
1,10,,28/11/2026,11:00,,CRE,Cascais,,,,,,
1,10,,28/11/2026,11:00,,Académica,São Miguel,,,,,,
1,10,,28/11/2026,11:00,,Técnico,CDUP,,,,,,
1,10,,28/11/2026,11:00,,Sport,Santarém,,,,,,
1,11,,05/12/2026,11:00,,Direito,CDUL,,,,,,
1,11,,05/12/2026,11:00,,CRE,Agronomia,,,,,,
1,11,,05/12/2026,11:00,,Belenenses,São Miguel,,,,,,
1,11,,05/12/2026,11:00,,Técnico,Cascais,,,,,,
1,11,,05/12/2026,11:00,,Académica,Santarém,,,,,,
1,11,,05/12/2026,11:00,,Sport,CDUP,,,,,,
